rsid,chromosome,position,variant_type,reference_allele,alternate_allele
2513543993,NC_000019.10,44909888,SNP,G,G
2513543932,NC_000019.10,44909804,SNP,C,C
2513543916,NC_000019.10,44909793,SNP,A,A
2513543905,NC_000019.10,44909783,SNP,C,C
2513543878,NC_000019.10,44909759,SNP,T,T
2513543859,NC_000019.10,44909752,SNP,G,G
2513543846,NC_000019.10,44909735,SNP,G,G
2513543809,NC_000019.10,44909669,SNP,G,G
2513543791,NC_000019.10,44909664,SNP,A,A
2513543747,NC_000019.10,44909608,SNP,T,T
2513543736,NC_000019.10,44909598,SNP,C,C
2513543733,NC_000019.10,44909596,SNP,A,A
2513543721,NC_000019.10,44909583,SNP,T,T
2513543713,NC_000019.10,44909576,SNP,C,C
2513543700,NC_000019.10,44909569,SNP,G,G
2513543695,NC_000019.10,44909566,SNP,A,A
2513543690,NC_000019.10,44909561,SNP,G,G
2513543687,NC_000019.10,44909559,SNP,A,A
2513543682,NC_000019.10,44909556,SNP,C,C
2513543676,NC_000019.10,44909548,SNP,C,C
2513543674,NC_000019.10,44909547,Deletion,GC,GC
2513543672,NC_000019.10,44909547,SNP,G,G
2513543667,NC_000019.10,44909544,SNP,C,C
2513543663,NC_000019.10,44909540,SNP,G,G
2513543657,NC_000019.10,44909536,SNP,G,G
2513543650,NC_000019.10,44909534,SNP,T,T
2513543648,NC_000019.10,44909532,SNP,T,T
2513543644,NC_000019.10,44909529,SNP,T,T
2513543642,NC_000019.10,44909526,SNP,T,T
2513543638,NC_000019.10,44909522,Deletion,TTTTTTTTTTTTTAGACGGAGTCTG,TTTTTTTTTTTTTAGACGGAGTCTG
2513543618,NC_000019.10,44909521,Deletion,,
2513543615,NC_000019.10,44909520,Deletion,CTT,CTT
2513543608,NC_000019.10,44909520,Deletion,,
2513543603,NC_000019.10,44909518,Deletion,CCC,CCC
2513543586,NC_000019.10,44909513,SNP,C,C
2513543583,NC_000019.10,44909508,Deletion,TTT,TTT
2513543563,NC_000019.10,44909498,Deletion,TGTGTGT,TGTGTGT
2513543561,NC_000019.10,44909497,SNP,C,C
2513543556,NC_000019.10,44909495,Deletion,GTCTGTGTGTATCTTTCTCTCTGCCCTTTTTTTTTTTTT,GTCTGTGTGTATCTTTCTCTCTGCCCTTTTTTTTTTTTT
2513543552,NC_000019.10,44909495,SNP,G,G
2513543550,NC_000019.10,44909493,SNP,G,G
2513543548,NC_000019.10,44909489,Deletion,ATCT,ATCT
2513543534,NC_000019.10,44909485,SNP,C,C
2513543512,NC_000019.10,44909470,SNP,T,T
2513543505,NC_000019.10,44909466,SNP,C,C
2513543495,NC_000019.10,44909459,SNP,G,G
2513543488,NC_000019.10,44909454,SNP,A,A
2513543480,NC_000019.10,44909451,Deletion,CACATACT,CACATACT
2513543476,NC_000019.10,44909451,SNP,C,C
2513543473,NC_000019.10,44909448,SNP,G,G
2513543471,NC_000019.10,44909442,SNP,C,C
2513543469,NC_000019.10,44909439,SNP,T,T
2513543463,NC_000019.10,44909434,SNP,C,C
2513543460,NC_000019.10,44909431,SNP,C,C
2513543454,NC_000019.10,44909427,SNP,C,C
2513543446,NC_000019.10,44909426,SNP,C,C
2513543442,NC_000019.10,44909425,SNP,C,C
2513543430,NC_000019.10,44909418,SNP,C,C
2513543427,NC_000019.10,44909417,SNP,C,C
2513543424,NC_000019.10,44909415,SNP,T,T
2513543421,NC_000019.10,44909414,SNP,T,T
2513543416,NC_000019.10,44909413,SNP,A,A
2513543409,NC_000019.10,44909406,SNP,C,C
2513543404,NC_000019.10,44909404,Deletion,CCCCC,CCCCC
2513543403,NC_000019.10,44909403,SNP,T,T
2513543398,NC_000019.10,44909398,SNP,T,T
2513543383,NC_000019.10,44909388,SNP,A,A
2513543377,NC_000019.10,44909387,SNP,C,C
2513543366,NC_000019.10,44909374,SNP,A,A
2513543357,NC_000019.10,44909370,Deletion,AAAGA,AAAGA
2513543350,NC_000019.10,44909363,SNP,G,G
2513543344,NC_000019.10,44909362,SNP,A,A
2513543341,NC_000019.10,44909361,SNP,T,T
2513543335,NC_000019.10,44909358,SNP,C,C
2513543326,NC_000019.10,44909355,SNP,G,G
2513543321,NC_000019.10,44909354,SNP,T,T
2513543296,NC_000019.10,44909344,SNP,C,C
2513543282,NC_000019.10,44909340,SNP,C,C
2513543262,NC_000019.10,44909328,SNP,T,T
2513543258,NC_000019.10,44909327,SNP,G,G
2513543257,NC_000019.10,44909325,Deletion,CTGTCCCCGCCCCAGCCGTCCTCCTGGGGTGGACCCTAGTTTAATAAAGA,CTGTCCCCGCCCCAGCCGTCCTCCTGGGGTGGACCCTAGTTTAATAAAGA
2513543251,NC_000019.10,44909321,SNP,G,G
2513543245,NC_000019.10,44909318,SNP,G,G
2513543239,NC_000019.10,44909316,SNP,C,C
2513543233,NC_000019.10,44909314,Deletion,AGCGGGAGA,AGCGGGAGA
2513543230,NC_000019.10,44909313,SNP,C,C
2513543228,NC_000019.10,44909310,SNP,C,C
2513543213,NC_000019.10,44909306,SNP,C,C
2513543211,NC_000019.10,44909304,Deletion,CGCAGCCTGCAGCGGGAGACCCTGTCCCCGC,CGCAGCCTGCAGCGGGAGACCCTGTCCCCGC
2513543190,NC_000019.10,44909298,Deletion,CCTCC,CCTCC
2513543174,NC_000019.10,44909294,SNP,C,C
2513543169,NC_000019.10,44909291,SNP,C,C
2513543166,NC_000019.10,44909290,Deletion,GCCTCCTGCCTCCGCGCAG,GCCTCCTGCCTCCGCGCAG
2513543152,NC_000019.10,44909287,Deletion,CG,CG
2513543141,NC_000019.10,44909285,SNP,C,C
2513543135,NC_000019.10,44909284,SNP,C,C
2513543122,NC_000019.10,44909278,SNP,A,A
2513543098,NC_000019.10,44909272,SNP,G,G
2513543092,NC_000019.10,44909270,SNP,G,G
2513543085,NC_000019.10,44909268,SNP,A,A
2513543062,NC_000019.10,44909256,SNP,A,A
2513543041,NC_000019.10,44909247,SNP,T,T
2513543024,NC_000019.10,44909234,SNP,C,C
2513543017,NC_000019.10,44909233,SNP,C,C
2513542992,NC_000019.10,44909224,Deletion,CCCC,CCCC
2513542988,NC_000019.10,44909224,SNP,C,C
2513542972,NC_000019.10,44909221,SNP,C,C
2513542958,NC_000019.10,44909216,SNP,C,C
2513542924,NC_000019.10,44909205,SNP,G,G
2513542917,NC_000019.10,44909203,SNP,C,C
2513542907,NC_000019.10,44909199,SNP,C,C
2513542876,NC_000019.10,44909192,SNP,G,G
2513542866,NC_000019.10,44909187,SNP,G,G
2513542852,NC_000019.10,44909182,SNP,G,G
2513542817,NC_000019.10,44909176,Deletion,GGG,GGG
2513542808,NC_000019.10,44909171,SNP,C,C
2513542790,NC_000019.10,44909166,SNP,C,C
2513542776,NC_000019.10,44909160,SNP,G,G
2513542773,NC_000019.10,44909157,SNP,G,G
2513542771,NC_000019.10,44909155,SNP,T,T
2513542762,NC_000019.10,44909152,Deletion,TGGTGG,TGGTGG
2513542724,NC_000019.10,44909140,SNP,G,G
2513542661,NC_000019.10,44909124,SNP,G,G
2513542648,NC_000019.10,44909119,SNP,T,T
2513542617,NC_000019.10,44909112,SNP,G,G
2513542600,NC_000019.10,44909110,SNP,C,C
2513542594,NC_000019.10,44909108,SNP,G,G
2513542587,NC_000019.10,44909106,SNP,C,C
2513542578,NC_000019.10,44909104,SNP,T,T
2513542571,NC_000019.10,44909101,SNP,G,G
2513542564,NC_000019.10,44909097,SNP,A,A
2513542547,NC_000019.10,44909086,SNP,A,A
2513542542,NC_000019.10,44909085,SNP,C,C
2513542522,NC_000019.10,44909075,SNP,G,G
2513542514,NC_000019.10,44909069,SNP,C,C
2513542483,NC_000019.10,44909058,SNP,G,G
2513542474,NC_000019.10,44909055,SNP,G,G
2513542468,NC_000019.10,44909050,SNP,A,A
2513542455,NC_000019.10,44909043,SNP,G,G
2513542437,NC_000019.10,44909036,SNP,G,G
2513542435,NC_000019.10,44909034,SNP,C,C
2513542428,NC_000019.10,44909031,Deletion,CGCCT,CGCCT
2513542419,NC_000019.10,44909030,Deletion,CC,CC
2513542411,NC_000019.10,44909027,SNP,C,C
2513542395,NC_000019.10,44909023,Deletion,CCC,CCC
2513542379,NC_000019.10,44909020,Deletion,GGACCCGCGACCGCCTGGAC,GGACCCGCGACCGCCTGGAC
2513542347,NC_000019.10,44909014,Deletion,,
2513542341,NC_000019.10,44909011,SNP,T,T
2513542282,NC_000019.10,44908991,SNP,G,G
2513542277,NC_000019.10,44908989,SNP,C,C
2513542268,NC_000019.10,44908988,SNP,G,G
2513542254,NC_000019.10,44908985,SNP,G,G
2513542232,NC_000019.10,44908978,Deletion,GGGG,GGGG
2513542230,NC_000019.10,44908975,Deletion,CCTGGGGCGA,CCTGGGGCGA
2513542225,NC_000019.10,44908972,SNP,A,A
2513542221,NC_000019.10,44908971,SNP,C,C
2513542217,NC_000019.10,44908970,SNP,C,C
2513542211,NC_000019.10,44908967,SNP,G,G
2513542199,NC_000019.10,44908965,SNP,C,C
2513542168,NC_000019.10,44908951,SNP,A,A
2513542156,NC_000019.10,44908949,SNP,C,C
2513542140,NC_000019.10,44908946,Deletion,CGGCCAGCCGCTACAGG,CGGCCAGCCGCTACAGG
2513542130,NC_000019.10,44908942,SNP,T,T
2513542106,NC_000019.10,44908931,SNP,T,T
2513542104,NC_000019.10,44908929,SNP,A,A
2513542095,NC_000019.10,44908923,SNP,G,G
2513542082,NC_000019.10,44908918,SNP,T,T
2513542057,NC_000019.10,44908910,SNP,G,G
2513542054,NC_000019.10,44908909,SNP,A,A
2513542045,NC_000019.10,44908905,SNP,G,G
2513542042,NC_000019.10,44908902,SNP,G,G
2513542031,NC_000019.10,44908896,Deletion,CCCC,CCCC
2513542028,NC_000019.10,44908896,SNP,C,C
2513542020,NC_000019.10,44908894,SNP,G,G
2513541975,NC_000019.10,44908877,SNP,C,C
2513541966,NC_000019.10,44908872,SNP,A,A
2513541944,NC_000019.10,44908864,SNP,G,G
2513541920,NC_000019.10,44908859,SNP,C,C
2513541909,NC_000019.10,44908856,SNP,C,C
2513541903,NC_000019.10,44908854,Deletion,GGCGC,GGCGC
2513541880,NC_000019.10,44908847,Deletion,CCGCG,CCGCG
2513541863,NC_000019.10,44908842,Deletion,GGGG,GGGG
2513541859,NC_000019.10,44908842,Deletion,,
2513541830,NC_000019.10,44908837,SNP,A,A
2513541805,NC_000019.10,44908828,SNP,C,C
2513541798,NC_000019.10,44908827,SNP,G,G
2513541796,NC_000019.10,44908825,SNP,T,T
2513541786,NC_000019.10,44908822,SNP,G,G
2513541773,NC_000019.10,44908820,SNP,G,G
2513541750,NC_000019.10,44908810,SNP,A,A
2513541667,NC_000019.10,44908786,SNP,A,A
2513541637,NC_000019.10,44908780,SNP,T,T
2513541623,NC_000019.10,44908776,SNP,A,A
2513541610,NC_000019.10,44908772,Deletion,GCGCAAGC,GCGCAAGC
2513541603,NC_000019.10,44908770,Deletion,CTGCGCAAGCTGCG,CTGCGCAAGCTGCG
2513541584,NC_000019.10,44908765,Deletion,CCCACC,CCCACC
2513541536,NC_000019.10,44908752,Deletion,GTGCGCCTCGCCTCCCACCTGCGC,GTGCGCCTCGCCTCCCACCTGCGC
2513541525,NC_000019.10,44908750,Deletion,GGG,GGG
2513541477,NC_000019.10,44908735,SNP,G,G
2513541451,NC_000019.10,44908726,SNP,T,T
2513541440,NC_000019.10,44908724,SNP,G,G
2513541427,NC_000019.10,44908720,SNP,C,C
2513541412,NC_000019.10,44908716,SNP,C,C
2513541409,NC_000019.10,44908715,SNP,G,G
2513541354,NC_000019.10,44908698,SNP,C,C
2513541347,NC_000019.10,44908693,SNP,T,T
2513541326,NC_000019.10,44908685,SNP,C,C
2513541320,NC_000019.10,44908684,Deletion,GCGGCCGC,GCGGCCGC
2513541285,NC_000019.10,44908674,SNP,G,G
2513541278,NC_000019.10,44908673,SNP,G,G
2513541269,NC_000019.10,44908672,SNP,T,T
2513541261,NC_000019.10,44908670,SNP,C,C
2513541253,NC_000019.10,44908665,SNP,G,G
2513541225,NC_000019.10,44908654,Deletion,CCCGGCTGGGCGCGGAC,CCCGGCTGGGCGCGGAC
2513541217,NC_000019.10,44908652,SNP,G,G
2513541193,NC_000019.10,44908647,SNP,G,G
2513541160,NC_000019.10,44908637,SNP,G,G
2513541151,NC_000019.10,44908634,Deletion,GG,GG
2513541146,NC_000019.10,44908634,SNP,G,G
2513541124,NC_000019.10,44908628,SNP,G,G
2513541120,NC_000019.10,44908627,SNP,T,T
2513541117,NC_000019.10,44908625,Deletion,GCTGTCCAAGGAGCTGC,GCTGTCCAAGGAGCTGC
2513541057,NC_000019.10,44908609,SNP,A,A
2513541054,NC_000019.10,44908607,Deletion,GGAGGAG,GGAGGAG
2513541038,NC_000019.10,44908603,SNP,T,T
2513541009,NC_000019.10,44908592,SNP,A,A
2513540988,NC_000019.10,44908585,SNP,A,A
2513540981,NC_000019.10,44908584,SNP,G,G
2513540976,NC_000019.10,44908583,SNP,G,G
2513540965,NC_000019.10,44908579,SNP,A,A
2513540958,NC_000019.10,44908577,Deletion,GG,GG
2513540951,NC_000019.10,44908577,Deletion,GG,GG
2513540921,NC_000019.10,44908569,SNP,T,T
2513540895,NC_000019.10,44908559,SNP,G,G
2513540879,NC_000019.10,44908556,SNP,G,G
2513540855,NC_000019.10,44908545,SNP,G,G
2513540836,NC_000019.10,44908542,SNP,G,G
2513540802,NC_000019.10,44908532,SNP,G,G
2513540788,NC_000019.10,44908523,SNP,C,C
2513540769,NC_000019.10,44908517,SNP,C,C
2513540758,NC_000019.10,44908514,SNP,C,C
2513540748,NC_000019.10,44908513,Deletion,CCC,CCC
2513540744,NC_000019.10,44908512,SNP,T,T
2513540737,NC_000019.10,44908510,SNP,C,C
2513540688,NC_000019.10,44908488,SNP,C,C
2513540680,NC_000019.10,44908486,Deletion,,
2513540676,NC_000019.10,44908485,SNP,C,C
2513540673,NC_000019.10,44908484,SNP,T,T
2513540668,NC_000019.10,44908483,SNP,T,T
2513540665,NC_000019.10,44908480,SNP,C,C
2513540661,NC_000019.10,44908478,SNP,A,A
2513540658,NC_000019.10,44908477,SNP,C,C
2513540655,NC_000019.10,44908475,Deletion,CCC,CCC
2513540652,NC_000019.10,44908475,SNP,C,C
2513540645,NC_000019.10,44908472,Deletion,CATCCCAGCCCTTCTC,CATCCCAGCCCTTCTC
2513540635,NC_000019.10,44908469,Deletion,CCCC,CCCC
2513540617,NC_000019.10,44908463,SNP,C,C
2513540611,NC_000019.10,44908461,SNP,C,C
2513540607,NC_000019.10,44908460,Deletion,TCTCGCCCGCCCCATCCCAGCCCTTCTCCCCGCCTCCCACTGTGCGACACCCTCCCGCCCTCTCG,TCTCGCCCGCCCCATCCCAGCCCTTCTCCCCGCCTCCCACTGTGCGACACCCTCCCGCCCTCTCG
2513540601,NC_000019.10,44908460,SNP,T,T
2513540591,NC_000019.10,44908456,SNP,C,C
2513540578,NC_000019.10,44908450,SNP,C,C
2513540567,NC_000019.10,44908446,SNP,C,C
2513540564,NC_000019.10,44908443,SNP,T,T
2513540552,NC_000019.10,44908441,SNP,T,T
2513540544,NC_000019.10,44908439,SNP,G,G
2513540541,NC_000019.10,44908438,SNP,G,G
2513540537,NC_000019.10,44908433,Deletion,CTCTTGGGTCTCTCTGGCTC,CTCTTGGGTCTCTCTGGCTC
2513540528,NC_000019.10,44908431,SNP,C,C
2513540513,NC_000019.10,44908421,SNP,T,T
2513540497,NC_000019.10,44908416,Deletion,CCCCGTTCCTTCTCTCCC,CCCCGTTCCTTCTCTCCC
2513540467,NC_000019.10,44908406,SNP,T,T
2513540461,NC_000019.10,44908405,SNP,C,C
2513540452,NC_000019.10,44908400,SNP,C,C
2513540444,NC_000019.10,44908394,SNP,T,T
2513540434,NC_000019.10,44908392,SNP,T,T
2513540424,NC_000019.10,44908386,SNP,T,T
2513540419,NC_000019.10,44908384,Deletion,CATCTG,CATCTG
2513540352,NC_000019.10,44908327,SNP,G,G
2513540324,NC_000019.10,44908283,SNP,C,C
2513540307,NC_000019.10,44908264,SNP,G,G
2513540269,NC_000019.10,44908205,SNP,T,T
2513540169,NC_000019.10,44908096,SNP,G,G
2513540161,NC_000019.10,44908080,Deletion,CCC,CCC
2513540154,NC_000019.10,44908074,SNP,C,C
2513540151,NC_000019.10,44908071,SNP,C,C
2513540150,NC_000019.10,44908069,SNP,A,A
2513540149,NC_000019.10,44908068,SNP,T,T
2513540145,NC_000019.10,44908067,SNP,C,C
2513540143,NC_000019.10,44908065,SNP,T,T
2513540141,NC_000019.10,44908064,SNP,G,G
2513540138,NC_000019.10,44908060,SNP,G,G
2513540134,NC_000019.10,44908056,SNP,C,C
2513540131,NC_000019.10,44908055,SNP,T,T
2513540126,NC_000019.10,44908054,SNP,G,G
2513540125,NC_000019.10,44908049,SNP,C,C
2513540120,NC_000019.10,44908044,SNP,G,G
2513540108,NC_000019.10,44908041,SNP,T,T
2513540100,NC_000019.10,44908039,SNP,T,T
2513540096,NC_000019.10,44908036,SNP,A,A
